Index,year,data_type,source_index,destination_index,value
455,"[2018, 2019]",biomass_forecast,455,,[0.08291294 0.08291294]
456,"[2018, 2019]",biomass_forecast,456,,[0.29002881 0.29002881]
360,"[2018, 2019]",biomass_forecast,360,,[0.10574213 0.10574213]
317,"[2018, 2019]",biomass_forecast,317,,[0.83444333 0.83444333]
361,"[2018, 2019]",biomass_forecast,361,,[0.09880224 0.09880224]
318,"[2018, 2019]",biomass_forecast,318,,[0.77967852 0.77967852]
457,"[2018, 2019]",biomass_forecast,457,,[1.70851326 1.70851326]
404,"[2018, 2019]",biomass_forecast,404,,[0.98033035 0.98033035]
362,"[2018, 2019]",biomass_forecast,362,,[1.39784908 1.39784908]
458,"[2018, 2019]",biomass_forecast,458,,[0.93918526 0.93918526]
405,"[2018, 2019]",biomass_forecast,405,,[2.44295025 2.44295025]
363,"[2018, 2019]",biomass_forecast,363,,[3.00976849 3.00976849]
459,"[2018, 2019]",biomass_forecast,459,,[2.97836328 2.97836328]
406,"[2018, 2019]",biomass_forecast,406,,[0.0593344 0.0593344]
364,"[2018, 2019]",biomass_forecast,364,,[8.46656227 8.46656227]
319,"[2018, 2019]",biomass_forecast,319,,[8.70486641 8.70486641]
460,"[2018, 2019]",biomass_forecast,460,,[29.10733032 29.10733032]
407,"[2018, 2019]",biomass_forecast,407,,[3.21494269 3.21494269]
365,"[2018, 2019]",biomass_forecast,365,,[11.42655468 11.42655468]
320,"[2018, 2019]",biomass_forecast,320,,[11.87491131 11.87491131]
461,"[2018, 2019]",biomass_forecast,461,,[0.60008705 0.60008705]
408,"[2018, 2019]",biomass_forecast,408,,[1.61316621 1.61316621]
462,"[2018, 2019]",biomass_forecast,462,,[1.42614079 1.42614079]
409,"[2018, 2019]",biomass_forecast,409,,[2.42875934 2.42875934]
463,"[2018, 2019]",biomass_forecast,463,,[49.13284683 49.13284683]
410,"[2018, 2019]",biomass_forecast,410,,[20.40681076 20.40681076]
464,"[2018, 2019]",biomass_forecast,464,,[32.6931572 32.6931572]
411,"[2018, 2019]",biomass_forecast,411,,[14.37513447 14.37513447]
465,"[2018, 2019]",biomass_forecast,465,,[24.89631271 24.89631271]
412,"[2018, 2019]",biomass_forecast,412,,[0.22502938 0.22502938]
466,"[2018, 2019]",biomass_forecast,466,,[57.64947128 57.64947128]
413,"[2018, 2019]",biomass_forecast,413,,[0.34365574 0.34365574]
467,"[2018, 2019]",biomass_forecast,467,,[1.36030388 1.36030388]
414,"[2018, 2019]",biomass_forecast,414,,[0.00345298 0.00345298]
468,"[2018, 2019]",biomass_forecast,468,,[28.56489754 28.56489754]
469,"[2018, 2019]",biomass_forecast,469,,[3.76110935 3.76110935]
470,"[2018, 2019]",biomass_forecast,470,,[0.13880195 0.13880195]
276,"[2018, 2019]",biomass_forecast,276,,[0.00055178 0.00055178]
235,"[2018, 2019]",biomass_forecast,235,,[0.35691526 0.35691526]
196,"[2018, 2019]",biomass_forecast,196,,[0.12812942 0.12812942]
471,"[2018, 2019]",biomass_forecast,471,,[0.71162182 0.71162182]
415,"[2018, 2019]",biomass_forecast,415,,[0.68959618 0.68959618]
277,"[2018, 2019]",biomass_forecast,277,,[5.37736416 5.37736416]
236,"[2018, 2019]",biomass_forecast,236,,[15.262537 15.262537]
197,"[2018, 2019]",biomass_forecast,197,,[0.61522549 0.61522549]
472,"[2018, 2019]",biomass_forecast,472,,[37.33547592 37.33547592]
416,"[2018, 2019]",biomass_forecast,416,,[64.03302765 64.03302765]
366,"[2018, 2019]",biomass_forecast,366,,[2.26379824 2.26379824]
278,"[2018, 2019]",biomass_forecast,278,,[9.31597138 9.31597138]
237,"[2018, 2019]",biomass_forecast,237,,[17.2791996 17.2791996]
473,"[2018, 2019]",biomass_forecast,473,,[15.1527462 15.1527462]
417,"[2018, 2019]",biomass_forecast,417,,[55.26504898 55.26504898]
367,"[2018, 2019]",biomass_forecast,367,,[26.4623127 26.4623127]
279,"[2018, 2019]",biomass_forecast,279,,[1.34342408 1.34342408]
238,"[2018, 2019]",biomass_forecast,238,,[12.74055767 12.74055767]
198,"[2018, 2019]",biomass_forecast,198,,[3.32678747 3.32678747]
474,"[2018, 2019]",biomass_forecast,474,,[20.96211815 20.96211815]
418,"[2018, 2019]",biomass_forecast,418,,[56.71092987 56.71092987]
368,"[2018, 2019]",biomass_forecast,368,,[83.24839783 83.24839783]
321,"[2018, 2019]",biomass_forecast,321,,[4.43140125 4.43140125]
280,"[2018, 2019]",biomass_forecast,280,,[0.06977215 0.06977215]
239,"[2018, 2019]",biomass_forecast,239,,[17.18703651 17.18703651]
199,"[2018, 2019]",biomass_forecast,199,,[10.70241737 10.70241737]
475,"[2018, 2019]",biomass_forecast,475,,[25.12417221 25.12417221]
419,"[2018, 2019]",biomass_forecast,419,,[47.78183746 47.78183746]
369,"[2018, 2019]",biomass_forecast,369,,[52.58541107 52.58541107]
322,"[2018, 2019]",biomass_forecast,322,,[19.70737267 19.70737267]
281,"[2018, 2019]",biomass_forecast,281,,[0.01171186 0.01171186]
240,"[2018, 2019]",biomass_forecast,240,,[26.70368004 26.70368004]
200,"[2018, 2019]",biomass_forecast,200,,[20.94704056 20.94704056]
476,"[2018, 2019]",biomass_forecast,476,,[0.71394551 0.71394551]
420,"[2018, 2019]",biomass_forecast,420,,[32.0685997 32.0685997]
370,"[2018, 2019]",biomass_forecast,370,,[29.65455055 29.65455055]
323,"[2018, 2019]",biomass_forecast,323,,[56.58897781 56.58897781]
282,"[2018, 2019]",biomass_forecast,282,,[6.17393017 6.17393017]
241,"[2018, 2019]",biomass_forecast,241,,[111.1351013 111.1351013]
201,"[2018, 2019]",biomass_forecast,201,,[17.6890316 17.6890316]
477,"[2018, 2019]",biomass_forecast,477,,[21.02745628 21.02745628]
421,"[2018, 2019]",biomass_forecast,421,,[56.54370499 56.54370499]
371,"[2018, 2019]",biomass_forecast,371,,[65.79750061 65.79750061]
324,"[2018, 2019]",biomass_forecast,324,,[49.07649612 49.07649612]
283,"[2018, 2019]",biomass_forecast,283,,[18.52211189 18.52211189]
242,"[2018, 2019]",biomass_forecast,242,,[74.99907684 74.99907684]
202,"[2018, 2019]",biomass_forecast,202,,[3.32029033 3.32029033]
478,"[2018, 2019]",biomass_forecast,478,,[59.20187759 59.20187759]
422,"[2018, 2019]",biomass_forecast,422,,[67.16634369 67.16634369]
372,"[2018, 2019]",biomass_forecast,372,,[25.82033157 25.82033157]
325,"[2018, 2019]",biomass_forecast,325,,[25.06488419 25.06488419]
284,"[2018, 2019]",biomass_forecast,284,,[6.06585884 6.06585884]
243,"[2018, 2019]",biomass_forecast,243,,[11.17913246 11.17913246]
203,"[2018, 2019]",biomass_forecast,203,,[0.01172148 0.01172148]
479,"[2018, 2019]",biomass_forecast,479,,[20.83929062 20.83929062]
423,"[2018, 2019]",biomass_forecast,423,,[14.3793745 14.3793745]
373,"[2018, 2019]",biomass_forecast,373,,[5.10310459 5.10310459]
326,"[2018, 2019]",biomass_forecast,326,,[1.67994642 1.67994642]
285,"[2018, 2019]",biomass_forecast,285,,[0.23597881 0.23597881]
244,"[2018, 2019]",biomass_forecast,244,,[0.86585778 0.86585778]
204,"[2018, 2019]",biomass_forecast,204,,[0.01625169 0.01625169]
480,"[2018, 2019]",biomass_forecast,480,,[0.58144736 0.58144736]
424,"[2018, 2019]",biomass_forecast,424,,[0.98275608 0.98275608]
374,"[2018, 2019]",biomass_forecast,374,,[1.64290631 1.64290631]
327,"[2018, 2019]",biomass_forecast,327,,[0.05044527 0.05044527]
481,"[2018, 2019]",biomass_forecast,481,,[0.22985673 0.22985673]
425,"[2018, 2019]",biomass_forecast,425,,[0.44165328 0.44165328]
245,"[2018, 2019]",biomass_forecast,245,,[0.07242174 0.07242174]
205,"[2018, 2019]",biomass_forecast,205,,[0.00963276 0.00963276]
328,"[2018, 2019]",biomass_forecast,328,,[0.51743269 0.51743269]
286,"[2018, 2019]",biomass_forecast,286,,[8.82857704 8.82857704]
246,"[2018, 2019]",biomass_forecast,246,,[6.24693155 6.24693155]
206,"[2018, 2019]",biomass_forecast,206,,[0.28195366 0.28195366]
329,"[2018, 2019]",biomass_forecast,329,,[0.33106598 0.33106598]
287,"[2018, 2019]",biomass_forecast,287,,[23.84613609 23.84613609]
247,"[2018, 2019]",biomass_forecast,247,,[4.73208523 4.73208523]
330,"[2018, 2019]",biomass_forecast,330,,[0.3123278 0.3123278]
288,"[2018, 2019]",biomass_forecast,288,,[10.65009022 10.65009022]
248,"[2018, 2019]",biomass_forecast,248,,[17.61505318 17.61505318]
207,"[2018, 2019]",biomass_forecast,207,,[1.55587852 1.55587852]
168,"[2018, 2019]",biomass_forecast,168,,[0.4923709 0.4923709]
142,"[2018, 2019]",biomass_forecast,142,,[1.460567 1.460567]
117,"[2018, 2019]",biomass_forecast,117,,[0.17972274 0.17972274]
91,"[2018, 2019]",biomass_forecast,91,,[0.71338469 0.71338469]
68,"[2018, 2019]",biomass_forecast,68,,[0.13446875 0.13446875]
29,"[2018, 2019]",biomass_forecast,29,,[0.14898251 0.14898251]
14,"[2018, 2019]",biomass_forecast,14,,[0.37806395 0.37806395]
331,"[2018, 2019]",biomass_forecast,331,,[8.2312212 8.2312212]
289,"[2018, 2019]",biomass_forecast,289,,[50.29662704 50.29662704]
249,"[2018, 2019]",biomass_forecast,249,,[71.4821701 71.4821701]
208,"[2018, 2019]",biomass_forecast,208,,[56.17055893 56.17055893]
169,"[2018, 2019]",biomass_forecast,169,,[17.64712143 17.64712143]
143,"[2018, 2019]",biomass_forecast,143,,[38.58217239 38.58217239]
118,"[2018, 2019]",biomass_forecast,118,,[16.63981056 16.63981056]
92,"[2018, 2019]",biomass_forecast,92,,[33.02660751 33.02660751]
69,"[2018, 2019]",biomass_forecast,69,,[4.91175842 4.91175842]
47,"[2018, 2019]",biomass_forecast,47,,[9.41138458 9.41138458]
30,"[2018, 2019]",biomass_forecast,30,,[33.44884491 33.44884491]
15,"[2018, 2019]",biomass_forecast,15,,[45.17411041 45.17411041]
0,"[2018, 2019]",biomass_forecast,0,,[8.47574425 8.47574425]
426,"[2018, 2019]",biomass_forecast,426,,[0.84247935 0.84247935]
375,"[2018, 2019]",biomass_forecast,375,,[22.30468369 22.30468369]
332,"[2018, 2019]",biomass_forecast,332,,[16.36407471 16.36407471]
290,"[2018, 2019]",biomass_forecast,290,,[10.18725872 10.18725872]
250,"[2018, 2019]",biomass_forecast,250,,[53.47851181 53.47851181]
209,"[2018, 2019]",biomass_forecast,209,,[62.24466324 62.24466324]
170,"[2018, 2019]",biomass_forecast,170,,[46.9407959 46.9407959]
144,"[2018, 2019]",biomass_forecast,144,,[86.58426666 86.58426666]
119,"[2018, 2019]",biomass_forecast,119,,[74.2911911 74.2911911]
93,"[2018, 2019]",biomass_forecast,93,,[131.5767822 131.5767822]
70,"[2018, 2019]",biomass_forecast,70,,[92.46127319 92.46127319]
48,"[2018, 2019]",biomass_forecast,48,,[53.4867363 53.4867363]
31,"[2018, 2019]",biomass_forecast,31,,[65.62121582 65.62121582]
16,"[2018, 2019]",biomass_forecast,16,,[56.53974152 56.53974152]
1,"[2018, 2019]",biomass_forecast,1,,[24.02977753 24.02977753]
482,"[2018, 2019]",biomass_forecast,482,,[8.38933945 8.38933945]
427,"[2018, 2019]",biomass_forecast,427,,[15.53881168 15.53881168]
376,"[2018, 2019]",biomass_forecast,376,,[104.4574432 104.4574432]
333,"[2018, 2019]",biomass_forecast,333,,[68.80921173 68.80921173]
291,"[2018, 2019]",biomass_forecast,291,,[40.85916901 40.85916901]
251,"[2018, 2019]",biomass_forecast,251,,[70.15128326 70.15128326]
210,"[2018, 2019]",biomass_forecast,210,,[64.85971069 64.85971069]
171,"[2018, 2019]",biomass_forecast,171,,[64.06253815 64.06253815]
145,"[2018, 2019]",biomass_forecast,145,,[99.03591919 99.03591919]
120,"[2018, 2019]",biomass_forecast,120,,[54.41710663 54.41710663]
94,"[2018, 2019]",biomass_forecast,94,,[107.4426956 107.4426956]
71,"[2018, 2019]",biomass_forecast,71,,[93.44713593 93.44713593]
49,"[2018, 2019]",biomass_forecast,49,,[67.84522247 67.84522247]
32,"[2018, 2019]",biomass_forecast,32,,[121.0332336 121.0332336]
17,"[2018, 2019]",biomass_forecast,17,,[139.3889465 139.3889465]
2,"[2018, 2019]",biomass_forecast,2,,[44.83163452 44.83163452]
483,"[2018, 2019]",biomass_forecast,483,,[90.69308472 90.69308472]
428,"[2018, 2019]",biomass_forecast,428,,[85.65748596 85.65748596]
377,"[2018, 2019]",biomass_forecast,377,,[127.5747757 127.5747757]
334,"[2018, 2019]",biomass_forecast,334,,[94.39044952 94.39044952]
292,"[2018, 2019]",biomass_forecast,292,,[113.7481384 113.7481384]
252,"[2018, 2019]",biomass_forecast,252,,[154.5858154 154.5858154]
211,"[2018, 2019]",biomass_forecast,211,,[100.4975281 100.4975281]
172,"[2018, 2019]",biomass_forecast,172,,[61.01239395 61.01239395]
146,"[2018, 2019]",biomass_forecast,146,,[115.0405884 115.0405884]
121,"[2018, 2019]",biomass_forecast,121,,[114.8388214 114.8388214]
95,"[2018, 2019]",biomass_forecast,95,,[66.1418457 66.1418457]
72,"[2018, 2019]",biomass_forecast,72,,[84.33163452 84.33163452]
50,"[2018, 2019]",biomass_forecast,50,,[92.29341125 92.29341125]
33,"[2018, 2019]",biomass_forecast,33,,[117.2946014 117.2946014]
18,"[2018, 2019]",biomass_forecast,18,,[140.0259857 140.0259857]
3,"[2018, 2019]",biomass_forecast,3,,[59.97441864 59.97441864]
484,"[2018, 2019]",biomass_forecast,484,,[312.2455139 312.2455139]
429,"[2018, 2019]",biomass_forecast,429,,[112.7158051 112.7158051]
378,"[2018, 2019]",biomass_forecast,378,,[164.6800079 164.6800079]
335,"[2018, 2019]",biomass_forecast,335,,[94.75572968 94.75572968]
293,"[2018, 2019]",biomass_forecast,293,,[143.7848816 143.7848816]
253,"[2018, 2019]",biomass_forecast,253,,[235.0013428 235.0013428]
212,"[2018, 2019]",biomass_forecast,212,,[259.8173523 259.8173523]
173,"[2018, 2019]",biomass_forecast,173,,[100.6525345 100.6525345]
147,"[2018, 2019]",biomass_forecast,147,,[150.9449768 150.9449768]
122,"[2018, 2019]",biomass_forecast,122,,[148.4011536 148.4011536]
96,"[2018, 2019]",biomass_forecast,96,,[91.01392365 91.01392365]
73,"[2018, 2019]",biomass_forecast,73,,[92.72156525 92.72156525]
51,"[2018, 2019]",biomass_forecast,51,,[107.6716156 107.6716156]
34,"[2018, 2019]",biomass_forecast,34,,[121.5485306 121.5485306]
19,"[2018, 2019]",biomass_forecast,19,,[51.76260757 51.76260757]
4,"[2018, 2019]",biomass_forecast,4,,[14.6533699 14.6533699]
485,"[2018, 2019]",biomass_forecast,485,,[233.4645386 233.4645386]
430,"[2018, 2019]",biomass_forecast,430,,[126.5746384 126.5746384]
379,"[2018, 2019]",biomass_forecast,379,,[147.8983765 147.8983765]
336,"[2018, 2019]",biomass_forecast,336,,[176.7667084 176.7667084]
294,"[2018, 2019]",biomass_forecast,294,,[167.4094696 167.4094696]
254,"[2018, 2019]",biomass_forecast,254,,[154.7025146 154.7025146]
213,"[2018, 2019]",biomass_forecast,213,,[146.0149078 146.0149078]
174,"[2018, 2019]",biomass_forecast,174,,[100.6131897 100.6131897]
148,"[2018, 2019]",biomass_forecast,148,,[96.73196411 96.73196411]
123,"[2018, 2019]",biomass_forecast,123,,[98.70885468 98.70885468]
97,"[2018, 2019]",biomass_forecast,97,,[110.8129807 110.8129807]
74,"[2018, 2019]",biomass_forecast,74,,[116.8768768 116.8768768]
52,"[2018, 2019]",biomass_forecast,52,,[83.22322083 83.22322083]
35,"[2018, 2019]",biomass_forecast,35,,[102.3113708 102.3113708]
20,"[2018, 2019]",biomass_forecast,20,,[61.17729568 61.17729568]
5,"[2018, 2019]",biomass_forecast,5,,[17.41663933 17.41663933]
486,"[2018, 2019]",biomass_forecast,486,,[138.9672089 138.9672089]
431,"[2018, 2019]",biomass_forecast,431,,[178.8204651 178.8204651]
380,"[2018, 2019]",biomass_forecast,380,,[270.6014709 270.6014709]
337,"[2018, 2019]",biomass_forecast,337,,[263.828949 263.828949]
295,"[2018, 2019]",biomass_forecast,295,,[171.3614655 171.3614655]
255,"[2018, 2019]",biomass_forecast,255,,[84.77442169 84.77442169]
214,"[2018, 2019]",biomass_forecast,214,,[80.66906738 80.66906738]
175,"[2018, 2019]",biomass_forecast,175,,[110.0574036 110.0574036]
149,"[2018, 2019]",biomass_forecast,149,,[129.9625397 129.9625397]
124,"[2018, 2019]",biomass_forecast,124,,[124.6136627 124.6136627]
98,"[2018, 2019]",biomass_forecast,98,,[112.7805557 112.7805557]
75,"[2018, 2019]",biomass_forecast,75,,[161.7230072 161.7230072]
53,"[2018, 2019]",biomass_forecast,53,,[99.09132385 99.09132385]
36,"[2018, 2019]",biomass_forecast,36,,[136.3761597 136.3761597]
21,"[2018, 2019]",biomass_forecast,21,,[84.54468536 84.54468536]
6,"[2018, 2019]",biomass_forecast,6,,[23.56865692 23.56865692]
487,"[2018, 2019]",biomass_forecast,487,,[343.4774475 343.4774475]
432,"[2018, 2019]",biomass_forecast,432,,[217.562149 217.562149]
381,"[2018, 2019]",biomass_forecast,381,,[225.3333588 225.3333588]
338,"[2018, 2019]",biomass_forecast,338,,[199.4533234 199.4533234]
296,"[2018, 2019]",biomass_forecast,296,,[263.5375366 263.5375366]
256,"[2018, 2019]",biomass_forecast,256,,[128.4520264 128.4520264]
215,"[2018, 2019]",biomass_forecast,215,,[59.76913071 59.76913071]
176,"[2018, 2019]",biomass_forecast,176,,[90.54636383 90.54636383]
150,"[2018, 2019]",biomass_forecast,150,,[121.4242935 121.4242935]
125,"[2018, 2019]",biomass_forecast,125,,[129.0076599 129.0076599]
99,"[2018, 2019]",biomass_forecast,99,,[121.9540329 121.9540329]
76,"[2018, 2019]",biomass_forecast,76,,[156.6812439 156.6812439]
54,"[2018, 2019]",biomass_forecast,54,,[127.3641663 127.3641663]
37,"[2018, 2019]",biomass_forecast,37,,[141.9011383 141.9011383]
22,"[2018, 2019]",biomass_forecast,22,,[99.1736145 99.1736145]
7,"[2018, 2019]",biomass_forecast,7,,[48.34523392 48.34523392]
488,"[2018, 2019]",biomass_forecast,488,,[239.1828461 239.1828461]
433,"[2018, 2019]",biomass_forecast,433,,[123.66819 123.66819]
382,"[2018, 2019]",biomass_forecast,382,,[162.0786133 162.0786133]
339,"[2018, 2019]",biomass_forecast,339,,[196.6701965 196.6701965]
297,"[2018, 2019]",biomass_forecast,297,,[198.6533966 198.6533966]
257,"[2018, 2019]",biomass_forecast,257,,[211.9728546 211.9728546]
216,"[2018, 2019]",biomass_forecast,216,,[148.1215973 148.1215973]
177,"[2018, 2019]",biomass_forecast,177,,[107.459938 107.459938]
151,"[2018, 2019]",biomass_forecast,151,,[145.104126 145.104126]
126,"[2018, 2019]",biomass_forecast,126,,[138.5014648 138.5014648]
100,"[2018, 2019]",biomass_forecast,100,,[128.8188629 128.8188629]
77,"[2018, 2019]",biomass_forecast,77,,[104.4928513 104.4928513]
55,"[2018, 2019]",biomass_forecast,55,,[134.515976 134.515976]
38,"[2018, 2019]",biomass_forecast,38,,[77.37073517 77.37073517]
23,"[2018, 2019]",biomass_forecast,23,,[150.2328644 150.2328644]
8,"[2018, 2019]",biomass_forecast,8,,[58.78428268 58.78428268]
489,"[2018, 2019]",biomass_forecast,489,,[159.7627106 159.7627106]
434,"[2018, 2019]",biomass_forecast,434,,[102.4466934 102.4466934]
383,"[2018, 2019]",biomass_forecast,383,,[160.8808899 160.8808899]
340,"[2018, 2019]",biomass_forecast,340,,[226.3191071 226.3191071]
298,"[2018, 2019]",biomass_forecast,298,,[236.3668213 236.3668213]
258,"[2018, 2019]",biomass_forecast,258,,[160.2176819 160.2176819]
217,"[2018, 2019]",biomass_forecast,217,,[166.440506 166.440506]
178,"[2018, 2019]",biomass_forecast,178,,[150.4431 150.4431]
152,"[2018, 2019]",biomass_forecast,152,,[96.14881897 96.14881897]
127,"[2018, 2019]",biomass_forecast,127,,[101.4038315 101.4038315]
101,"[2018, 2019]",biomass_forecast,101,,[133.9694977 133.9694977]
78,"[2018, 2019]",biomass_forecast,78,,[156.5196533 156.5196533]
56,"[2018, 2019]",biomass_forecast,56,,[134.364975 134.364975]
39,"[2018, 2019]",biomass_forecast,39,,[54.08869171 54.08869171]
24,"[2018, 2019]",biomass_forecast,24,,[144.6105194 144.6105194]
9,"[2018, 2019]",biomass_forecast,9,,[67.90737915 67.90737915]
490,"[2018, 2019]",biomass_forecast,490,,[179.7357178 179.7357178]
435,"[2018, 2019]",biomass_forecast,435,,[128.9519043 128.9519043]
384,"[2018, 2019]",biomass_forecast,384,,[127.2178345 127.2178345]
341,"[2018, 2019]",biomass_forecast,341,,[246.4980469 246.4980469]
299,"[2018, 2019]",biomass_forecast,299,,[248.7019653 248.7019653]
259,"[2018, 2019]",biomass_forecast,259,,[159.7626343 159.7626343]
218,"[2018, 2019]",biomass_forecast,218,,[188.7158966 188.7158966]
179,"[2018, 2019]",biomass_forecast,179,,[166.755249 166.755249]
153,"[2018, 2019]",biomass_forecast,153,,[137.2093353 137.2093353]
128,"[2018, 2019]",biomass_forecast,128,,[119.6268387 119.6268387]
102,"[2018, 2019]",biomass_forecast,102,,[117.6083984 117.6083984]
79,"[2018, 2019]",biomass_forecast,79,,[125.321701 125.321701]
57,"[2018, 2019]",biomass_forecast,57,,[73.74102783 73.74102783]
40,"[2018, 2019]",biomass_forecast,40,,[44.4982605 44.4982605]
25,"[2018, 2019]",biomass_forecast,25,,[45.69966888 45.69966888]
10,"[2018, 2019]",biomass_forecast,10,,[8.91652393 8.91652393]
491,"[2018, 2019]",biomass_forecast,491,,[212.4378815 212.4378815]
436,"[2018, 2019]",biomass_forecast,436,,[214.5719604 214.5719604]
385,"[2018, 2019]",biomass_forecast,385,,[167.1256866 167.1256866]
342,"[2018, 2019]",biomass_forecast,342,,[233.1711578 233.1711578]
300,"[2018, 2019]",biomass_forecast,300,,[253.3057861 253.3057861]
260,"[2018, 2019]",biomass_forecast,260,,[174.961853 174.961853]
219,"[2018, 2019]",biomass_forecast,219,,[209.4055328 209.4055328]
180,"[2018, 2019]",biomass_forecast,180,,[220.8978119 220.8978119]
154,"[2018, 2019]",biomass_forecast,154,,[137.2941895 137.2941895]
129,"[2018, 2019]",biomass_forecast,129,,[153.3703918 153.3703918]
103,"[2018, 2019]",biomass_forecast,103,,[100.5573578 100.5573578]
80,"[2018, 2019]",biomass_forecast,80,,[97.76548004 97.76548004]
58,"[2018, 2019]",biomass_forecast,58,,[90.24049377 90.24049377]
41,"[2018, 2019]",biomass_forecast,41,,[53.13540268 53.13540268]
26,"[2018, 2019]",biomass_forecast,26,,[24.97690392 24.97690392]
11,"[2018, 2019]",biomass_forecast,11,,[3.41637397 3.41637397]
492,"[2018, 2019]",biomass_forecast,492,,[208.9976654 208.9976654]
437,"[2018, 2019]",biomass_forecast,437,,[220.8456116 220.8456116]
386,"[2018, 2019]",biomass_forecast,386,,[194.0068207 194.0068207]
343,"[2018, 2019]",biomass_forecast,343,,[173.2799835 173.2799835]
301,"[2018, 2019]",biomass_forecast,301,,[267.9484253 267.9484253]
261,"[2018, 2019]",biomass_forecast,261,,[190.3115692 190.3115692]
220,"[2018, 2019]",biomass_forecast,220,,[181.0593414 181.0593414]
181,"[2018, 2019]",biomass_forecast,181,,[188.7124481 188.7124481]
155,"[2018, 2019]",biomass_forecast,155,,[161.2624969 161.2624969]
130,"[2018, 2019]",biomass_forecast,130,,[125.2544098 125.2544098]
104,"[2018, 2019]",biomass_forecast,104,,[91.23011017 91.23011017]
81,"[2018, 2019]",biomass_forecast,81,,[26.56175041 26.56175041]
59,"[2018, 2019]",biomass_forecast,59,,[60.56772232 60.56772232]
42,"[2018, 2019]",biomass_forecast,42,,[75.98052216 75.98052216]
27,"[2018, 2019]",biomass_forecast,27,,[19.92323303 19.92323303]
12,"[2018, 2019]",biomass_forecast,12,,[2.29810596 2.29810596]
493,"[2018, 2019]",biomass_forecast,493,,[216.1005554 216.1005554]
438,"[2018, 2019]",biomass_forecast,438,,[215.1799011 215.1799011]
387,"[2018, 2019]",biomass_forecast,387,,[147.8559113 147.8559113]
344,"[2018, 2019]",biomass_forecast,344,,[153.1169891 153.1169891]
302,"[2018, 2019]",biomass_forecast,302,,[162.5235291 162.5235291]
262,"[2018, 2019]",biomass_forecast,262,,[147.6303558 147.6303558]
221,"[2018, 2019]",biomass_forecast,221,,[148.6729584 148.6729584]
182,"[2018, 2019]",biomass_forecast,182,,[81.68445587 81.68445587]
156,"[2018, 2019]",biomass_forecast,156,,[155.5940399 155.5940399]
131,"[2018, 2019]",biomass_forecast,131,,[170.115921 170.115921]
105,"[2018, 2019]",biomass_forecast,105,,[108.0983429 108.0983429]
82,"[2018, 2019]",biomass_forecast,82,,[29.05064201 29.05064201]
60,"[2018, 2019]",biomass_forecast,60,,[57.37684631 57.37684631]
43,"[2018, 2019]",biomass_forecast,43,,[30.84760094 30.84760094]
28,"[2018, 2019]",biomass_forecast,28,,[6.59618139 6.59618139]
13,"[2018, 2019]",biomass_forecast,13,,[0.40526378 0.40526378]
494,"[2018, 2019]",biomass_forecast,494,,[251.0865021 251.0865021]
439,"[2018, 2019]",biomass_forecast,439,,[213.9322662 213.9322662]
388,"[2018, 2019]",biomass_forecast,388,,[184.5667267 184.5667267]
345,"[2018, 2019]",biomass_forecast,345,,[206.1130524 206.1130524]
303,"[2018, 2019]",biomass_forecast,303,,[201.2510834 201.2510834]
263,"[2018, 2019]",biomass_forecast,263,,[166.2853546 166.2853546]
222,"[2018, 2019]",biomass_forecast,222,,[117.5434189 117.5434189]
183,"[2018, 2019]",biomass_forecast,183,,[73.61804199 73.61804199]
157,"[2018, 2019]",biomass_forecast,157,,[101.4352798 101.4352798]
132,"[2018, 2019]",biomass_forecast,132,,[138.4901581 138.4901581]
106,"[2018, 2019]",biomass_forecast,106,,[119.033165 119.033165]
83,"[2018, 2019]",biomass_forecast,83,,[26.89700508 26.89700508]
61,"[2018, 2019]",biomass_forecast,61,,[11.39565468 11.39565468]
44,"[2018, 2019]",biomass_forecast,44,,[1.71619403 1.71619403]
495,"[2018, 2019]",biomass_forecast,495,,[289.3569946 289.3569946]
440,"[2018, 2019]",biomass_forecast,440,,[229.4885406 229.4885406]
389,"[2018, 2019]",biomass_forecast,389,,[225.5883331 225.5883331]
346,"[2018, 2019]",biomass_forecast,346,,[167.9531708 167.9531708]
304,"[2018, 2019]",biomass_forecast,304,,[181.4677429 181.4677429]
264,"[2018, 2019]",biomass_forecast,264,,[133.4733887 133.4733887]
223,"[2018, 2019]",biomass_forecast,223,,[138.416687 138.416687]
184,"[2018, 2019]",biomass_forecast,184,,[85.25553894 85.25553894]
158,"[2018, 2019]",biomass_forecast,158,,[176.3327942 176.3327942]
133,"[2018, 2019]",biomass_forecast,133,,[155.2005005 155.2005005]
107,"[2018, 2019]",biomass_forecast,107,,[83.11767578 83.11767578]
84,"[2018, 2019]",biomass_forecast,84,,[42.6721077 42.6721077]
62,"[2018, 2019]",biomass_forecast,62,,[4.73815775 4.73815775]
496,"[2018, 2019]",biomass_forecast,496,,[204.6922455 204.6922455]
441,"[2018, 2019]",biomass_forecast,441,,[223.2849731 223.2849731]
390,"[2018, 2019]",biomass_forecast,390,,[195.4163666 195.4163666]
347,"[2018, 2019]",biomass_forecast,347,,[183.4173126 183.4173126]
305,"[2018, 2019]",biomass_forecast,305,,[200.0361786 200.0361786]
265,"[2018, 2019]",biomass_forecast,265,,[162.0298309 162.0298309]
224,"[2018, 2019]",biomass_forecast,224,,[128.0084991 128.0084991]
185,"[2018, 2019]",biomass_forecast,185,,[68.41625977 68.41625977]
159,"[2018, 2019]",biomass_forecast,159,,[89.72951508 89.72951508]
134,"[2018, 2019]",biomass_forecast,134,,[35.46909332 35.46909332]
108,"[2018, 2019]",biomass_forecast,108,,[5.90624905 5.90624905]
85,"[2018, 2019]",biomass_forecast,85,,[30.7830658 30.7830658]
63,"[2018, 2019]",biomass_forecast,63,,[30.51318932 30.51318932]
45,"[2018, 2019]",biomass_forecast,45,,[0.40073213 0.40073213]
497,"[2018, 2019]",biomass_forecast,497,,[136.4129791 136.4129791]
442,"[2018, 2019]",biomass_forecast,442,,[240.1869049 240.1869049]
391,"[2018, 2019]",biomass_forecast,391,,[161.8022461 161.8022461]
348,"[2018, 2019]",biomass_forecast,348,,[237.0367737 237.0367737]
306,"[2018, 2019]",biomass_forecast,306,,[192.5670166 192.5670166]
266,"[2018, 2019]",biomass_forecast,266,,[214.4411621 214.4411621]
225,"[2018, 2019]",biomass_forecast,225,,[216.7034607 216.7034607]
186,"[2018, 2019]",biomass_forecast,186,,[81.46664429 81.46664429]
160,"[2018, 2019]",biomass_forecast,160,,[49.95343781 49.95343781]
135,"[2018, 2019]",biomass_forecast,135,,[59.63713455 59.63713455]
109,"[2018, 2019]",biomass_forecast,109,,[24.74891472 24.74891472]
86,"[2018, 2019]",biomass_forecast,86,,[8.12857628 8.12857628]
64,"[2018, 2019]",biomass_forecast,64,,[13.23116207 13.23116207]
46,"[2018, 2019]",biomass_forecast,46,,[1.18571067 1.18571067]
498,"[2018, 2019]",biomass_forecast,498,,[115.7665558 115.7665558]
443,"[2018, 2019]",biomass_forecast,443,,[132.6593781 132.6593781]
392,"[2018, 2019]",biomass_forecast,392,,[145.7745056 145.7745056]
349,"[2018, 2019]",biomass_forecast,349,,[225.7448425 225.7448425]
307,"[2018, 2019]",biomass_forecast,307,,[232.7812805 232.7812805]
267,"[2018, 2019]",biomass_forecast,267,,[158.4527435 158.4527435]
226,"[2018, 2019]",biomass_forecast,226,,[114.3672104 114.3672104]
187,"[2018, 2019]",biomass_forecast,187,,[49.51327133 49.51327133]
161,"[2018, 2019]",biomass_forecast,161,,[14.67958069 14.67958069]
136,"[2018, 2019]",biomass_forecast,136,,[23.79245949 23.79245949]
110,"[2018, 2019]",biomass_forecast,110,,[2.79293585 2.79293585]
499,"[2018, 2019]",biomass_forecast,499,,[148.6385498 148.6385498]
444,"[2018, 2019]",biomass_forecast,444,,[87.0138092 87.0138092]
393,"[2018, 2019]",biomass_forecast,393,,[146.7939758 146.7939758]
350,"[2018, 2019]",biomass_forecast,350,,[159.7945404 159.7945404]
308,"[2018, 2019]",biomass_forecast,308,,[150.4752045 150.4752045]
268,"[2018, 2019]",biomass_forecast,268,,[159.2657623 159.2657623]
227,"[2018, 2019]",biomass_forecast,227,,[72.80567932 72.80567932]
188,"[2018, 2019]",biomass_forecast,188,,[11.6736002 11.6736002]
162,"[2018, 2019]",biomass_forecast,162,,[5.11177778 5.11177778]
137,"[2018, 2019]",biomass_forecast,137,,[5.36424351 5.36424351]
111,"[2018, 2019]",biomass_forecast,111,,[4.96349144 4.96349144]
445,"[2018, 2019]",biomass_forecast,445,,[119.6830673 119.6830673]
394,"[2018, 2019]",biomass_forecast,394,,[156.0284729 156.0284729]
351,"[2018, 2019]",biomass_forecast,351,,[227.934967 227.934967]
309,"[2018, 2019]",biomass_forecast,309,,[281.2525024 281.2525024]
269,"[2018, 2019]",biomass_forecast,269,,[178.6178284 178.6178284]
228,"[2018, 2019]",biomass_forecast,228,,[128.1355286 128.1355286]
189,"[2018, 2019]",biomass_forecast,189,,[51.21702576 51.21702576]
163,"[2018, 2019]",biomass_forecast,163,,[35.6628952 35.6628952]
138,"[2018, 2019]",biomass_forecast,138,,[23.2009449 23.2009449]
112,"[2018, 2019]",biomass_forecast,112,,[1.71105874 1.71105874]
446,"[2018, 2019]",biomass_forecast,446,,[157.5743256 157.5743256]
395,"[2018, 2019]",biomass_forecast,395,,[102.7177048 102.7177048]
352,"[2018, 2019]",biomass_forecast,352,,[160.9376831 160.9376831]
310,"[2018, 2019]",biomass_forecast,310,,[193.0054169 193.0054169]
270,"[2018, 2019]",biomass_forecast,270,,[146.164566 146.164566]
229,"[2018, 2019]",biomass_forecast,229,,[192.5388336 192.5388336]
190,"[2018, 2019]",biomass_forecast,190,,[143.1551208 143.1551208]
164,"[2018, 2019]",biomass_forecast,164,,[146.6926727 146.6926727]
139,"[2018, 2019]",biomass_forecast,139,,[39.95100784 39.95100784]
113,"[2018, 2019]",biomass_forecast,113,,[18.04955673 18.04955673]
87,"[2018, 2019]",biomass_forecast,87,,[6.06938696 6.06938696]
65,"[2018, 2019]",biomass_forecast,65,,[2.70245695 2.70245695]
447,"[2018, 2019]",biomass_forecast,447,,[190.8868103 190.8868103]
396,"[2018, 2019]",biomass_forecast,396,,[169.8098602 169.8098602]
353,"[2018, 2019]",biomass_forecast,353,,[50.42720413 50.42720413]
311,"[2018, 2019]",biomass_forecast,311,,[136.7531128 136.7531128]
271,"[2018, 2019]",biomass_forecast,271,,[160.1773682 160.1773682]
230,"[2018, 2019]",biomass_forecast,230,,[157.9092102 157.9092102]
191,"[2018, 2019]",biomass_forecast,191,,[104.7253799 104.7253799]
165,"[2018, 2019]",biomass_forecast,165,,[60.84778595 60.84778595]
140,"[2018, 2019]",biomass_forecast,140,,[8.96909046 8.96909046]
114,"[2018, 2019]",biomass_forecast,114,,[16.32641792 16.32641792]
88,"[2018, 2019]",biomass_forecast,88,,[40.56517792 40.56517792]
66,"[2018, 2019]",biomass_forecast,66,,[6.11939573 6.11939573]
448,"[2018, 2019]",biomass_forecast,448,,[113.384285 113.384285]
397,"[2018, 2019]",biomass_forecast,397,,[74.57575989 74.57575989]
354,"[2018, 2019]",biomass_forecast,354,,[33.64307022 33.64307022]
312,"[2018, 2019]",biomass_forecast,312,,[65.45157623 65.45157623]
272,"[2018, 2019]",biomass_forecast,272,,[141.0020599 141.0020599]
231,"[2018, 2019]",biomass_forecast,231,,[44.75410843 44.75410843]
192,"[2018, 2019]",biomass_forecast,192,,[34.25257492 34.25257492]
166,"[2018, 2019]",biomass_forecast,166,,[18.50143433 18.50143433]
141,"[2018, 2019]",biomass_forecast,141,,[1.33794451 1.33794451]
115,"[2018, 2019]",biomass_forecast,115,,[1.25867438 1.25867438]
89,"[2018, 2019]",biomass_forecast,89,,[8.16451359 8.16451359]
67,"[2018, 2019]",biomass_forecast,67,,[0.38653004 0.38653004]
449,"[2018, 2019]",biomass_forecast,449,,[161.6994324 161.6994324]
398,"[2018, 2019]",biomass_forecast,398,,[79.16362 79.16362]
355,"[2018, 2019]",biomass_forecast,355,,[171.9571381 171.9571381]
313,"[2018, 2019]",biomass_forecast,313,,[108.7886353 108.7886353]
273,"[2018, 2019]",biomass_forecast,273,,[30.69143486 30.69143486]
232,"[2018, 2019]",biomass_forecast,232,,[16.00311089 16.00311089]
193,"[2018, 2019]",biomass_forecast,193,,[15.45640469 15.45640469]
167,"[2018, 2019]",biomass_forecast,167,,[0.05677489 0.05677489]
116,"[2018, 2019]",biomass_forecast,116,,[0.02256561 0.02256561]
90,"[2018, 2019]",biomass_forecast,90,,[0.11149614 0.11149614]
450,"[2018, 2019]",biomass_forecast,450,,[135.3798523 135.3798523]
399,"[2018, 2019]",biomass_forecast,399,,[131.3272705 131.3272705]
356,"[2018, 2019]",biomass_forecast,356,,[189.6651154 189.6651154]
314,"[2018, 2019]",biomass_forecast,314,,[96.18319702 96.18319702]
274,"[2018, 2019]",biomass_forecast,274,,[55.20242691 55.20242691]
233,"[2018, 2019]",biomass_forecast,233,,[22.69932747 22.69932747]
194,"[2018, 2019]",biomass_forecast,194,,[3.23696709 3.23696709]
451,"[2018, 2019]",biomass_forecast,451,,[104.9070892 104.9070892]
400,"[2018, 2019]",biomass_forecast,400,,[97.37062073 97.37062073]
357,"[2018, 2019]",biomass_forecast,357,,[38.16861725 38.16861725]
315,"[2018, 2019]",biomass_forecast,315,,[14.81883812 14.81883812]
275,"[2018, 2019]",biomass_forecast,275,,[9.22836399 9.22836399]
234,"[2018, 2019]",biomass_forecast,234,,[22.72765923 22.72765923]
195,"[2018, 2019]",biomass_forecast,195,,[2.4693203 2.4693203]
452,"[2018, 2019]",biomass_forecast,452,,[159.4337311 159.4337311]
401,"[2018, 2019]",biomass_forecast,401,,[140.382431 140.382431]
358,"[2018, 2019]",biomass_forecast,358,,[24.99308777 24.99308777]
316,"[2018, 2019]",biomass_forecast,316,,[0.57659572 0.57659572]
453,"[2018, 2019]",biomass_forecast,453,,[90.84858704 90.84858704]
402,"[2018, 2019]",biomass_forecast,402,,[28.31735229 28.31735229]
359,"[2018, 2019]",biomass_forecast,359,,[0.19074565 0.19074565]
454,"[2018, 2019]",biomass_forecast,454,,[66.85424042 66.85424042]
403,"[2018, 2019]",biomass_forecast,403,,[3.46618319 3.46618319]
